-- liquibase formatted sql

-- changeset lyndexter:1701096714345-1

-- 4. user
INSERT INTO "user" (user_id, first_name, last_name, email, birthday, password, location_id, city_id, user_is_deleted,
                    user_data_folder, role_id)
VALUES
  ('a1b2c3d4-e5f6-7890-1234-567892abcdef', 'Alice', 'Smith', 'alice.smith@example.com', '1992-03-12',
   '$2a$10$DxZ/I/5twj09Mte7Q/W.ceJnZF5o3eg0PRUTMlucttSHAWysuN0Rm', null, 2, false, 'alice_folder', 2),
  ('b2c3d4e5-f6a7-8901-2345-67890abcdef7', 'Bob', 'Johnson', 'bob.johnson@example.com', '1985-11-23',
   '$2a$10$DxZ/I/5twj09Mte7Q/W.ceJnZF5o3eg0PRUTMlucttSHAWysuN0Rm', null, 3, false, 'bob_folder', 3),
  ('c3d4e5f6-a7b8-9012-3456-7890abcdef31', 'Carol', 'Williams', 'carol.williams@example.com', '1978-07-05',
   '$2a$10$DxZ/I/5twj09Mte7Q/W.ceJnZF5o3eg0PRUTMlucttSHAWysuN0Rm', null, 4, false, 'carol_folder', 4)
;


-- 7. caretaker
INSERT INTO caretaker (caretaker_id, user_id, caretaker_preference, caretaker_is_deleted, rating)
VALUES
  ('a1b2c3d4-e5f6-7890-1234-567890abcd1f', 'a1b2c3d4-e5f6-7890-1234-567892abcdef', '{
    "preferred_pets": [
      "Rabbit"
    ],
    "availability": "Evenings",
    "rate_per_hour": 120.00
  }', false, 45),
  ('c3d4e5f6-a7b8-9012-3456-7890abcde491', 'b2c3d4e5-f6a7-8901-2345-67890abcdef7', '{
    "preferred_pets": [
      "Dog",
      "Hamster"
    ],
    "availability": "Weekends",
    "experience_years": 2
  }', false, 55),
  ('c3d4e5f6-a7b8-9012-3456-7890abcde691', 'c3d4e5f6-a7b8-9012-3456-7890abcdef31', '{
    "preferred_pets": [
      "Cat",
      "Turtle"
    ],
    "availability": "Mornings",
    "rate_per_hour": 100.00
  }', false, 60);


-- 11. caretaker_slot
INSERT INTO "caretaker_slot" (slot_id, caretaker_id, date, time_from, time_to, type, price, currency, additional_data, creation_time, is_available)
VALUES
  ('0c610239-10f8-4b71-95f7-10abe415d800', 'c3d4e5f6-a7b8-9012-3456-7890abcde691', '2025-12-28', '08:00:00', '08:30:00', 'вигул', 150.00, 'UAH', '{}', '2025-12-01 09:00:00', true),
  ('d1e2f3a4-b5c6-7890-1234-567890abde02', 'c3d4e5f6-a7b8-9012-3456-7890abcde491', '2025-12-28', '08:30:00', '09:00:00', 'вигул', 150.00, 'UAH', '{}', '2025-12-01 09:01:00', true),
  ('d1e2f3a4-b5c6-7890-1234-567890acde03', 'c3d4e5f6-a7b8-9012-3456-7890abcde691', '2025-12-29', '09:00:00', '09:30:00', 'вигул', 150.00, 'UAH', '{}', '2025-12-01 09:02:00', true),
  ('d1e2f3a4-b5c6-7890-1234-567890acde04', 'c3d4e5f6-a7b8-9012-3456-7890abcde691', '2025-12-29', '09:30:00', '10:00:00', 'вигул', 150.00, 'UAH', '{}', '2025-12-01 09:03:00', true),
  ('d1e2f3a4-b5c6-7890-1234-567890acde05', 'c3d4e5f6-a7b8-9012-3456-7890abcde691', '2025-12-30', '10:00:00', '10:30:00', 'вигул', 150.00, 'UAH', '{}', '2025-12-01 09:04:00', true),
  ('d1e2f3a4-b5c6-7890-1234-567890acde06', 'c3d4e5f6-a7b8-9012-3456-7890abcde491', '2025-12-30', '10:30:00', '11:00:00', 'вигул', 150.00, 'UAH', '{}', '2025-12-01 09:05:00', true),
  ('d1e2f3a4-b5c6-7890-1234-567890acde07', 'c3d4e5f6-a7b8-9012-3456-7890abcde691', '2025-12-31', '11:00:00', '11:30:00', 'вигул', 150.00, 'UAH', '{}', '2025-12-01 09:06:00', true),
  ('d1e2f3a4-b5c6-7890-1234-567890acde08', 'c3d4e5f6-a7b8-9012-3456-7890abcde491', '2025-12-31', '11:30:00', '12:00:00', 'вигул', 150.00, 'UAH', '{}', '2025-12-01 09:07:00', true),
  ('d1e2f3a4-b5c6-7890-1234-567890acde09', 'c3d4e5f6-a7b8-9012-3456-7890abcde691', '2026-01-01', '12:00:00', '12:30:00', 'вигул', 150.00, 'UAH', '{}', '2025-12-01 09:08:00', true),
  ('d1e2f3a4-b5c6-7890-1234-567890acde10', 'c3d4e5f6-a7b8-9012-3456-7890abcde691', '2026-01-01', '12:30:00', '13:00:00', 'вигул', 150.00, 'UAH', '{}', '2025-12-01 09:09:00', true),
  ('d1e2f3a4-b5c6-7890-1234-567890acde11', 'a1b2c3d4-e5f6-7890-1234-567890abcd1f', '2026-01-02', '13:00:00', '13:30:00', 'вигул', 200.00, 'UAH', '{}', '2025-12-01 09:10:00', true),
  ('d1e2f3a4-b5c6-7890-1234-567890acde12', 'a1b2c3d4-e5f6-7890-1234-567890abcd1f', '2026-01-02', '13:30:00', '14:00:00', 'вигул', 200.00, 'UAH', '{}', '2025-12-01 09:11:00', true),
  ('d1e2f3a4-b5c6-7890-1234-567890acde13', 'a1b2c3d4-e5f6-7890-1234-567890abcd1f', '2026-01-03', '14:00:00', '14:30:00', 'вигул', 200.00, 'UAH', '{}', '2025-12-01 09:12:00', true),
  ('d1e2f3a4-b5c6-7890-1234-567890acde14', 'a1b2c3d4-e5f6-7890-1234-567890abcd1f', '2026-01-03', '14:30:00', '15:00:00', 'вигул', 200.00, 'UAH', '{}', '2025-12-01 09:13:00', true),
  ('d1e2f3a4-b5c6-7890-1234-567890acde15', 'c3d4e5f6-a7b8-9012-3456-7890abcde491', '2026-01-04', '15:00:00', '15:30:00', 'вигул', 200.00, 'UAH', '{}', '2025-12-01 09:14:00', true),
  ('d1e2f3a4-b5c6-7890-1234-567890acde16', 'c3d4e5f6-a7b8-9012-3456-7890abcde491', '2026-01-04', '15:30:00', '16:00:00', 'вигул', 200.00, 'UAH', '{}', '2025-12-01 09:15:00', true),
  ('d1e2f3a4-b5c6-7890-1234-567890acde17', 'a1b2c3d4-e5f6-7890-1234-567890abcd1f', '2026-01-05', '16:00:00', '16:30:00', 'вигул', 200.00, 'UAH', '{}', '2025-12-01 09:16:00', true),
  ('d1e2f3a4-b5c6-7890-1234-567890acde18', 'a1b2c3d4-e5f6-7890-1234-567890abcd1f', '2026-01-05', '16:30:00', '17:00:00', 'вигул', 200.00, 'UAH', '{}', '2025-12-01 09:17:00', true),
  ('d1e2f3a4-b5c6-7890-1234-567890acde19', 'a1b2c3d4-e5f6-7890-1234-567890abcd1f', '2026-01-06', '17:00:00', '17:30:00', 'вигул', 200.00, 'UAH', '{}', '2025-12-01 09:18:00', true),
  ('d1e2f3a4-b5c6-7890-1234-567890acde20', 'a1b2c3d4-e5f6-7890-1234-567890abcd1f', '2026-01-06', '17:30:00', '18:00:00', 'вигул', 200.00, 'UAH', '{}', '2025-12-01 09:19:00', true),
  ('d1e2f3a4-b5c6-7890-1234-567890acde21', 'c3d4e5f6-a7b8-9012-3456-7890abcde691', '2026-01-07', '08:00:00', '08:30:00', 'вигул', 150.00, 'UAH', '{}', '2025-12-01 09:20:00', true),
  ('d1e2f3a4-b5c6-7890-1234-567890acde22', 'c3d4e5f6-a7b8-9012-3456-7890abcde691', '2026-01-07', '08:30:00', '09:00:00', 'вигул', 150.00, 'UAH', '{}', '2025-12-01 09:21:00', true),
  ('d1e2f3a4-b5c6-7890-1234-567890acde23', 'c3d4e5f6-a7b8-9012-3456-7890abcde491', '2026-01-08', '09:00:00', '09:30:00', 'вигул', 150.00, 'UAH', '{}', '2025-12-01 09:22:00', true),
  ('d1e2f3a4-b5c6-7890-1234-567890acde24', 'c3d4e5f6-a7b8-9012-3456-7890abcde691', '2026-01-08', '09:30:00', '10:00:00', 'вигул', 150.00, 'UAH', '{}', '2025-12-01 09:23:00', true),
  ('d1e2f3a4-b5c6-7890-1234-567890acde25', 'c3d4e5f6-a7b8-9012-3456-7890abcde491', '2026-01-09', '10:00:00', '10:30:00', 'вигул', 150.00, 'UAH', '{}', '2025-12-01 09:24:00', true),
  ('d1e2f3a4-b5c6-7890-1234-567890acde26', 'c3d4e5f6-a7b8-9012-3456-7890abcde491', '2026-01-09', '10:30:00', '11:00:00', 'вигул', 150.00, 'UAH', '{}', '2025-12-01 09:25:00', true),
  ('d1e2f3a4-b5c6-7890-1234-567890acde27', 'c3d4e5f6-a7b8-9012-3456-7890abcde491', '2026-01-10', '11:00:00', '11:30:00', 'вигул', 150.00, 'UAH', '{}', '2025-12-01 09:26:00', true),
  ('d1e2f3a4-b5c6-7890-1234-567890acde28', 'c3d4e5f6-a7b8-9012-3456-7890abcde691', '2026-01-10', '11:30:00', '12:00:00', 'вигул', 150.00, 'UAH', '{}', '2025-12-01 09:27:00', true),
  ('d1e2f3a4-b5c6-7890-1234-567890acde29', 'a1b2c3d4-e5f6-7890-1234-567890abcd1f', '2026-01-11', '12:00:00', '12:30:00', 'вигул', 200.00, 'UAH', '{}', '2025-12-01 09:28:00', true),
  ('d1e2f3a4-b5c6-7890-1234-567890acde30', 'a1b2c3d4-e5f6-7890-1234-567890abcd1f', '2026-01-11', '12:30:00', '13:00:00', 'вигул', 200.00, 'UAH', '{}', '2025-12-01 09:29:00', true),
  ('d1e2f3a4-b5c6-7890-1234-567890acde31', 'a1b2c3d4-e5f6-7890-1234-567890abcd1f', '2026-01-12', '13:00:00', '13:30:00', 'вигул', 200.00, 'UAH', '{}', '2025-12-01 09:30:00', true),
  ('d1e2f3a4-b5c6-7890-1234-567890acde32', 'a1b2c3d4-e5f6-7890-1234-567890abcd1f', '2026-01-12', '13:30:00', '14:00:00', 'вигул', 200.00, 'UAH', '{}', '2025-12-01 09:31:00', true),
  ('d1e2f3a4-b5c6-7890-1234-567890acde33', 'a1b2c3d4-e5f6-7890-1234-567890abcd1f', '2026-01-13', '14:00:00', '14:30:00', 'вигул', 200.00, 'UAH', '{}', '2025-12-01 09:32:00', true),
  ('d1e2f3a4-b5c6-7890-1234-567890acde34', 'a1b2c3d4-e5f6-7890-1234-567890abcd1f', '2026-01-13', '14:30:00', '15:00:00', 'вигул', 200.00, 'UAH', '{}', '2025-12-01 09:33:00', true),
  ('d1e2f3a4-b5c6-7890-1234-567890acde35', 'a1b2c3d4-e5f6-7890-1234-567890abcd1f', '2026-01-14', '15:00:00', '15:30:00', 'вигул', 200.00, 'UAH', '{}', '2025-12-01 09:34:00', true),
  ('d1e2f3a4-b5c6-7890-1234-567890acde36', 'a1b2c3d4-e5f6-7890-1234-567890abcd1f', '2026-01-14', '15:30:00', '16:00:00', 'вигул', 200.00, 'UAH', '{}', '2025-12-01 09:35:00', true),
  ('d1e2f3a4-b5c6-7890-1234-567890acde37', 'c3d4e5f6-a7b8-9012-3456-7890abcde491', '2026-01-15', '16:00:00', '16:30:00', 'вигул', 200.00, 'UAH', '{}', '2025-12-01 09:36:00', true),
  ('d1e2f3a4-b5c6-7890-1234-567890acde38', 'c3d4e5f6-a7b8-9012-3456-7890abcde491', '2026-01-15', '16:30:00', '17:00:00', 'вигул', 200.00, 'UAH', '{}', '2025-12-01 09:37:00', true),
  ('d1e2f3a4-b5c6-7890-1234-567890acde39', 'a1b2c3d4-e5f6-7890-1234-567890abcd1f', '2026-01-16', '17:00:00', '17:30:00', 'вигул', 200.00, 'UAH', '{}', '2025-12-01 09:38:00', true),
  ('d1e2f3a4-b5c6-7890-1234-567890acde40', 'a1b2c3d4-e5f6-7890-1234-567890abcd1f', '2026-01-16', '17:30:00', '18:00:00', 'вигул', 200.00, 'UAH', '{}', '2025-12-01 09:39:00', true);
